{"stat.useItem.3":30,"achievement.exploreAllBiomes":{"value":0,"progress":["Plains"]},"stat.useItem.324":4,"stat.useItem.126":106,"stat.useItem.53":307,"achievement.openInventory":28,"stat.useItem.5":274,"stat.useItem.31":13,"stat.useItem.4":115,"stat.flyOneCm":75258,"stat.useItem.17":215,"stat.useItem.61":1,"stat.playOneMinute":30206,"stat.useItem.54":8,"stat.jump":27,"stat.useItem.1":3,"stat.useItem.13":9,"stat.walkOneCm":45953,"stat.useItem.102":18,"stat.useItem.35":23,"stat.useItem.44":8,"stat.useItem.67":44}